1: company, business, international, port, ~harbour, charles, ~harbor, ~sydney, gh, like
2: change, nature, green, tree, earth, environment, ~mystery, changed, circular, au
3: city, work, school, job, environment, training, housing, labour, education, silent
1: company, business, international, smashwords, mystery, suspense, safe, free, today, economy
2: change, green, tree, newport, yacht, stolen, stealing, beach, crash, harbor
3: city, work, school, job, tourist, environment, housing, training, labour, commute
4: cruise, ~taylor, harbour, sydney, ~wine, ~delicious, vividsydney, vivid, ~na, ~hungry
1: company, business, international, leeds, owner, vegetable, peakyblinders, sunlight, supermarket, practice
2: change, nature, green, environment, spray, 100, richmond, overnight, renewable, battery
3: city, work, school, job, tourist, environment, housing, training, labour, education
4: harbor, cruise, newport, ~gh, ~think, ~charles, ~david, ~maymayentrata, beach, ~amakabogera
5: free, mystery, smashwords, suspense, vividsydney, vivid, hungry, safe, doordash, 30
1: company, business, international, newport, stealing, crashing, yacht, ship, economy, accused
2: change, nature, green, tree, earth, environment, crash, 38, vandal, birmingham
3: city, work, school, job, tourist, environment, housing, training, education, labour
4: harbour, ~port, sydney, ~wine, bridge, vividsydney, vivid, ~taylor, morning, south
5: park, ferry, liverpool, filming, ~beach, filmed, le, ~birthday, based, vividsydneydinner
6: free, mystery, smashwords, suspense, delicious, safe, hungry, 30, doordash, food
1: company, business, international, economy, hamilton, fresh, supermarket, chaos, backlog, richmond
2: nature, green, tree, earth, environment, solo, violent, birmingham, confirmed, revealed
3: city, work, school, job, tourist, environment, training, housing, labour, education
4: mystery, gh, smashwords, suspense, charles, safe, free, character, sonny, carly
5: harbour, ~port, sydney, vividsydney, vivid, cruise, ~wine, bridge, ~drink, david
6: newport, yacht, crashing, beach, huntington, stealing, boat, video, stolen, steal
7: hungry, cheese, doordash, 30, delicious, food, ~harbor, game, tweet, chicken
1: company, business, international, economy, filmed, confirmed, revealed, bradford, peakyblinders, filming
2: change, nature, green, tree, doordash, 30, hungry, environment, delicious, food
3: city, work, school, job, tourist, environment, training, housing, man, stealing
4: gh, charles, sonny, carly, cam, esme, thriller, nina, ball, holiday
5: harbour, ~harbor, morning, ~wine, bridge, ~newport, david, day, ~yacht, ~taylor
6: like, know, game, really, think, ~sydney, got, people, want, time
7: maymayentrata, amakabogera, york, fish, hotel, new, luxury, market, ~happy, authority
8: mystery, smashwords, suspense, safe, na, free, gon, today, quay, character
1: company, business, international, vivid, vividsydney, vividsydney2022, 2022, crash, cruise, cozy
2: change, green, tree, earth, doordash, hungry, 30, delicious, onion, food
3: city, work, school, job, tourist, environment, housing, training, education, labour
4: na, gon, york, new, allen, lily, violent, wan, west, gras
5: like, really, think, got, feel, ~newport, people, know, lol, friend
6: gh, charles, liyue, sonny, stealing, carly, joss, stolen, need, ask
7: mystery, smashwords, suspense, safe, free, today, tasting, vegetable, unexpected, product
8: harbour, ~port, sydney, ~harbor, bridge, david, ~wine, walk, morning, darling
9: garden, height, sunlight, overnight, hamilton, spray, parent, including, newfoundland, jet
1: company, business, international, economy, 100, supermarket, annual, woo, survival, woman
2: nature, green, tree, earth, doordash, hungry, delicious, 30, environment, food
3: city, work, school, job, tourist, environment, training, housing, labour, town
4: port, wine, cruise, vividsydney, vivid, cheese, 2022, dinner, vividsydney2022, tawny
5: newport, yacht, beach, huntington, boat, stolen, stealing, steal, crashing, chase
6: harbour, ~harbor, sydney, bridge, david, view, cornwall, darling, opera, quay
7: year, access, make, wo, ago, filming, shine, heart, hospital, sea
8: like, think, gh, really, na, charles, maymayentrata, know, people, amakabogera
9: village, near, island, boston, travel, lake, seal, cape, development, ocean
10: mystery, smashwords, suspense, safe, today, free, spray, series, twist, gull
